{"a":{"a":0.005762003640732671,"h":0.0404762971799616,"l":1.1025344991076007,"r":0.9560657892771246,"s":0.6328244986167635,"b":0.3823551798634334,"c":0.49695503005133873,"f":0.07625762843043732,"k":0.09923450714595156,"m":0.3575287691150914,"n":1.0694563300589504,"p":0.30908525702448714,"t":1.3456768255770362,"x":0.04090311226446031,"y":0.10513878248151712,"d":0.3297857886226748,"i":0.24171960952110638,"u":0.16098042270343252,"z":0.05527255344258377,"e":0.06900177199395914,"j":0.009318796011555308,"g":0.2722368880627646,"v":0.12349183111496193,"q":0.00988788279088693,"o":0.007326992283894631,"w":0.07952987741159415},"h":{"e":0.5990349710939484,"i":0.4123745074731765,"s":0.05961184013498739,"h":0.003058841438907467,"m":0.02610685600183815,"o":0.4217644393321482,"a":0.39565758333031004,"t":0.08187736037633708,"u":0.08600323952649135,"y":0.15564523414719858,"l":0.046593980057776534,"r":0.09475294875871504,"c":0.003414520675989731,"b":0.012164229908213416,"n":0.03378952752281504,"d":0.0039124716079049,"f":0.007255856436478177,"p":0.00625995457264784,"w":0.011950822365964058,"k":0.0022763471173264872,"g":0.0019206678802442237,"v":0.0007113584741645272,"q":0.0003556792370822636,"j":0.0005690867793316218,"z":0.0004268150844987164},"e":{"d":1.265364453843861,"s":2.6702974403188025,"l":0.5881511864392311,"r":2.3273515199240835,"n":1.1721053578808915,"m":0.35141108623727646,"y":0.06843268521462752,"v":0.12078866891313672,"e":0.2952137667782788,"a":0.49994273564282976,"c":0.42489441661847216,"g":0.1462553022882268,"t":0.5591277606933185,"i":0.13074768755144012,"b":0.10058608824686414,"p":0.252034307396492,"u":0.08813731494898493,"q":0.029877055914910144,"h":0.04417536124561714,"x":0.17912006379462794,"o":0.12342069526754548,"f":0.14184487974840673,"w":0.09617566570704408,"z":0.016005565668701864,"j":0.01330240346687666,"k":0.024826410748342},"i":{"n":2.3815570356554208,"i":0.004125879150154258,"s":1.0968436313142846,"a":0.4204128582312356,"c":0.8971653076163019,"r":0.24911773765241746,"l":0.5426242440927014,"e":0.7361137490654528,"p":0.19114202200800848,"o":0.6780668975736274,"d":0.358880350216004,"g":0.2401546208779444,"t":0.7704723633675995,"v":0.2599303864597183,"f":0.18125413921712155,"z":0.31100592490473133,"b":0.131672453567854,"m":0.28511247644514254,"u":0.0507198592079308,"x":0.025964584307005243,"k":0.06985540216295658,"q":0.017641690159280275,"y":0.0024186188121593927,"h":0.008394029995141421,"j":0.004197014997570711,"w":0.004268150844987164},"n":{"g":1.3011457850943369,"e":1.047902168291765,"d":0.45875507998870363,"i":0.5951224994860436,"m":0.030588414389074673,"t":0.8520651803542707,"s":0.68382890121436,"a":0.49069507547869096,"c":0.4038382057832021,"r":0.034287478454730215,"o":0.41884786958807363,"y":0.04517126310944748,"u":0.10456969570218551,"l":0.04517126310944748,"p":0.03080182193132403,"n":0.1256259065374555,"h":0.03478542938664538,"k":0.0928322808784708,"f":0.09482408460613148,"x":0.003485656523406183,"v":0.05384983649425471,"z":0.012662180840128585,"j":0.01543647888937024,"q":0.012306501603046322,"b":0.03450088599697957,"w":0.02532436168025717},"l":{"i":1.0704522319227807,"s":0.20451556132230156,"f":0.0340029350650644,"v":0.032082267184820185,"o":0.5724301641601951,"y":0.5428376516349508,"e":1.1213854986729608,"l":0.5923482014368019,"m":0.039338123621298356,"a":0.7617226541353759,"u":0.22301088165057928,"d":0.08422484334108003,"t":0.13259721958426787,"n":0.0340029350650644,"c":0.0352122444711441,"w":0.008536301689974327,"b":0.021411890072352273,"g":0.021483025919768722,"k":0.03976493870579707,"h":0.009816746943470475,"p":0.03073068608390758,"r":0.005264052708817502,"z":0.0011381735586632436,"q":0.0007113584741645272,"x":0.0003556792370822636,"j":0.0002845433896658109},"r":{"d":0.18744295794235294,"k":0.08643005461099006,"g":0.10762853714109298,"r":0.17563440727122176,"i":1.071448133786611,"e":1.4441288384014066,"s":0.7287867567815581,"a":1.0489692060030118,"y":0.1754209997289724,"m":0.18786977302685165,"n":0.13530038178609308,"t":0.26690169950653064,"o":0.8190581471530367,"u":0.20878371216728875,"b":0.10919352578425494,"p":0.09959018638303382,"v":0.052284847851092754,"h":0.04374854616111843,"c":0.1555740982997821,"l":0.08899094511798236,"w":0.027031622018252037,"f":0.051929168614010486,"j":0.005335188556233954,"q":0.0046238300820694266,"z":0.003770199913071994},"d":{"v":0.012235365755629867,"w":0.02013144481885612,"o":0.23346785122079786,"l":0.10343152214352226,"i":0.605579469056262,"u":0.1172318765423141,"a":0.2041598820852193,"s":0.2077878103034584,"e":0.7603710730344632,"g":0.042823780144704546,"n":0.03812881421521866,"r":0.14703779660980779,"h":0.01436944117812345,"y":0.045740349888779105,"d":0.07284310775444759,"j":0.009247660164138853,"m":0.019846901429190312,"z":0.0022052112699100343,"f":0.011950822365964058,"p":0.008963116774473043,"b":0.017641690159280275,"t":0.005121781013984596,"c":0.00860743753739078,"q":0.0005690867793316218,"k":0.0009959018638303382},"v":{"a":0.1697301319356562,"e":0.5724301641601951,"o":0.08578983198424199,"i":0.23901644731928115,"u":0.016859195837699296,"y":0.003983607455321353,"g":0.0003556792370822636,"r":0.0027031622018252035,"v":0.002134075422493582,"n":0.0007113584741645272,"s":0.001280445253496149,"z":0.00014227169483290545,"l":0.0005690867793316218,"d":0.00014227169483290545,"k":0.0002134075422493582},"k":{"s":0.12477227636845808,"a":0.06964199462070722,"e":0.29741897804818884,"n":0.02952137667782788,"i":0.19505449361591337,"v":0.0019918037276606764,"o":0.028027523882082378,"y":0.025822312612172337,"h":0.013515811009126018,"l":0.0470919309896917,"u":0.012235365755629867,"w":0.00988788279088693,"b":0.01251990914529568,"m":0.007184720589061725,"c":0.0029877055914910144,"d":0.00312997728632392,"f":0.007611535673560442,"g":0.0014227169483290545,"p":0.005406324403650407,"r":0.011737414823714699,"t":0.007398128131311084,"j":0.00078249432158098,"k":0.004339286692403616},"w":{"o":0.12498568391070744,"a":0.188083180569101,"l":0.02475527490092555,"n":0.046593980057776534,"s":0.04268150844987163,"e":0.14013761941041186,"i":0.13309517051618305,"t":0.006117682877814934,"h":0.05633959115383056,"r":0.029663648372660785,"w":0.002134075422493582,"y":0.004979509319151691,"f":0.005192916861401048,"k":0.007255856436478177,"m":0.004979509319151691,"b":0.011950822365964058,"c":0.0022763471173264872,"d":0.011310599739215985,"g":0.0014227169483290545,"j":0.00014227169483290545,"p":0.0046238300820694266,"u":0.003414520675989731,"z":0.0006402226267480745},"o":{"l":0.562044330437393,"g":0.31228637015822747,"n":1.3493047537952754,"r":0.891687847365235,"i":0.16567538863291842,"t":0.37566841020628683,"u":0.5700826811954521,"m":0.4428206501674182,"s":0.44694652931757245,"o":0.29556944601536106,"a":0.12896929136602878,"d":0.20906825555695457,"h":0.02084280329302065,"v":0.20536919149129904,"c":0.270885306961852,"p":0.3454356750542944,"x":0.06195932309973032,"w":0.18850999565359972,"e":0.07874738309001317,"b":0.13807467983533472,"z":0.025822312612172337,"f":0.06978426631554012,"y":0.040120617942879334,"k":0.07092243987420337,"q":0.009247660164138853,"j":0.005833139488149124},"g":{"h":0.11239463891799531,"e":0.40767954154369057,"g":0.09482408460613148,"i":0.27742980492416563,"l":0.17165079981590042,"a":0.23780713791320146,"s":0.13295289882135014,"r":0.24975796027916553,"m":0.02269233532584842,"y":0.04808783285352204,"n":0.08209076791858644,"o":0.14027989110524478,"u":0.1199350387441393,"d":0.003699064065655542,"f":0.0045526942346529745,"p":0.001849532032827771,"w":0.005690867793316218,"k":0.0004979509319151691,"t":0.005975411182982029,"b":0.007540399826143988,"c":0.001280445253496149,"v":0.00014227169483290545,"j":0.0007113584741645272,"z":0.0006402226267480745},"s":{"v":0.0033433848285732777,"e":0.9057016093062762,"h":0.415291077217251,"i":0.5300331990999892,"s":0.7461439035511727,"k":0.07348333038119567,"t":1.1653474523763285,"m":0.2172488780098466,"a":0.2791370652621605,"u":0.298699423301685,"c":0.2862506500038058,